{"SPIDER": 0.6071507760532151, "SpatialDM": 0.5422209903917221, "SPIDER-SpatialDE": 0.7417220990391722, "SPIDER-scGCO": 0.7250369549150036, "SPIDER-SPARKX": 0.6156134515890613, "SPIDER-nnSVG": 0.5538617886178862, "SPIDER-SOMDE": 0.5213968957871397, "SpatialCorr": 0.558240946045824, "SpaTalk": 0.49796747967479676, "CellChat": 0.49894678492239475}