{"SPIDER": 0.7610699439725284, "SpatialDM": 0.5406199168624615, "SPIDER-SpatialDE": 0.7821932044099043, "SPIDER-scGCO": 0.7016988975239473, "SPIDER-SPARKX": 0.6896349177661305, "SPIDER-nnSVG": 0.5526838966202783, "SPIDER-SOMDE": 0.5526838966202783, "SpatialCorr": 0.5819853605638894, "SpaTalk": 0.49801192842942343, "CellChat": 0.48951744080968734}