{"SPIDER": 0.6653594153594153, "SpatialDM": 0.5601808101808101, "SPIDER-SpatialDE": 0.7711837711837711, "SPIDER-scGCO": 0.6949064449064449, "SPIDER-SPARKX": 0.6877086877086878, "SPIDER-nnSVG": 0.5550935550935551, "SPIDER-SOMDE": 0.5927833427833427, "SpatialCorr": 0.5589365589365589, "SpaTalk": 0.498960498960499, "CellChat": 0.5225855225855225}