{"SPIDER": 0.7136148199526038, "SpatialDM": 0.5937662562857637, "SPIDER-SpatialDE": 0.7654759840471649, "SPIDER-scGCO": 0.6990636379400035, "SPIDER-SPARKX": 0.6802930466447026, "SPIDER-nnSVG": 0.5559071729957805, "SPIDER-SOMDE": 0.6671001676203687, "SpatialCorr": 0.5508352118374661, "SpaTalk": 0.5, "CellChat": 0.47942315473094044}