{"SPIDER": 0.6016571064372211, "SpatialDM": 0.5743706182281708, "SPIDER-SpatialDE": 0.6325685149776928, "SPIDER-scGCO": 0.6259560229445507, "SPIDER-SPARKX": 0.6502549394518802, "SPIDER-nnSVG": 0.5506692160611855, "SPIDER-SOMDE": 0.5316284257488847, "SpatialCorr": 0.575246972594009, "SpaTalk": 0.4980879541108987, "CellChat": 0.5112731038878267}