{"SPIDER": 0.7778970917225951, "SpatialDM": 0.5763199105145413, "SPIDER-SpatialDE": 0.8088926174496645, "SPIDER-scGCO": 0.6823266219239373, "SPIDER-SPARKX": 0.6867002237136465, "SPIDER-nnSVG": 0.5592841163310962, "SPIDER-SOMDE": 0.5592841163310962, "SpatialCorr": 0.5350447427293065, "SpaTalk": 0.548847874720358, "CellChat": 0.5171812080536913}